transitions, roles, build_time, valid_run, valid_run_time, invalid_run, invalid_run_time, valid_query, invalid_query, name
13,3,2.0236823558807373,True,0.17373991012573242,False,0.13257980346679688,E<> trueGlobalLog[0].eventID == R1_e_4_ID and trueGlobalLog[1].eventID == R0_e_0_ID and trueGlobalLog[2].eventID == R1_e_2_ID and trueGlobalLog[3].eventID == R2_e_3_ID and trueGlobalLog[4].eventID == R1_e_0_ID and trueGlobalLog[5].eventID == R2_e_1_ID and trueGlobalLog[5].orderCount != 0,E<> trueGlobalLog[0].eventID == R1_e_4_ID and trueGlobalLog[1].eventID == R0_e_0_ID and trueGlobalLog[2].eventID == R1_e_2_ID and trueGlobalLog[3].eventID == R2_e_3_ID and trueGlobalLog[4].eventID == R1_e_0_ID and trueGlobalLog[5].eventID == R0_e_0_ID and trueGlobalLog[5].orderCount != 0,C:\Users\thore\OneDrive\Skrivebord\MasterThesis\SwarmProtocolVerification\src\example_protocols\5_roles_10_commands\0_max_5_roles_max_10_commands\0_max_5_roles_max_10_commands.json
3,1,0.6469793319702148,True,0.08200979232788086,False,0.07813477516174316,E<> trueGlobalLog[0].eventID == R130_e_2_ID and trueGlobalLog[1].eventID == R130_e_0_ID and trueGlobalLog[2].eventID == R130_e_1_ID and trueGlobalLog[2].orderCount != 0,E<> trueGlobalLog[0].eventID == R130_e_2_ID and trueGlobalLog[1].eventID == R130_e_0_ID and trueGlobalLog[2].eventID == R130_e_0_ID and trueGlobalLog[2].orderCount != 0,C:\Users\thore\OneDrive\Skrivebord\MasterThesis\SwarmProtocolVerification\src\example_protocols\5_roles_10_commands\10_max_5_roles_max_10_commands\10_max_5_roles_max_10_commands.json
22,4,2.6278131008148193,True,0.2010488510131836,False,0.6046090126037598,E<> trueGlobalLog[0].eventID == R136_e_3_ID and trueGlobalLog[1].eventID == R138_e_3_ID and trueGlobalLog[2].eventID == R138_e_0_ID and trueGlobalLog[3].eventID == R137_e_1_ID and trueGlobalLog[4].eventID == R136_e_4_ID and trueGlobalLog[5].eventID == R135_e_3_ID and trueGlobalLog[5].orderCount != 0,E<> trueGlobalLog[0].eventID == R136_e_3_ID and trueGlobalLog[1].eventID == R138_e_3_ID and trueGlobalLog[2].eventID == R138_e_0_ID and trueGlobalLog[3].eventID == R137_e_1_ID and trueGlobalLog[4].eventID == R136_e_4_ID and trueGlobalLog[5].eventID == R135_e_1_ID and trueGlobalLog[5].orderCount != 0,C:\Users\thore\OneDrive\Skrivebord\MasterThesis\SwarmProtocolVerification\src\example_protocols\5_roles_10_commands\11_max_5_roles_max_10_commands\11_max_5_roles_max_10_commands.json
16,4,2.692960023880005,True,0.17502403259277344,False,0.13442659378051758,E<> trueGlobalLog[0].eventID == R159_e_0_ID and trueGlobalLog[1].eventID == R162_e_1_ID and trueGlobalLog[2].eventID == R160_e_3_ID and trueGlobalLog[3].eventID == R160_e_1_ID and trueGlobalLog[4].eventID == R160_e_5_ID and trueGlobalLog[5].eventID == R162_e_2_ID and trueGlobalLog[5].orderCount != 0,E<> trueGlobalLog[0].eventID == R159_e_0_ID and trueGlobalLog[1].eventID == R162_e_1_ID and trueGlobalLog[2].eventID == R160_e_3_ID and trueGlobalLog[3].eventID == R160_e_1_ID and trueGlobalLog[4].eventID == R160_e_5_ID and trueGlobalLog[5].eventID == R161_e_0_ID and trueGlobalLog[5].orderCount != 0,C:\Users\thore\OneDrive\Skrivebord\MasterThesis\SwarmProtocolVerification\src\example_protocols\5_roles_10_commands\12_max_5_roles_max_10_commands\12_max_5_roles_max_10_commands.json
17,4,2.7534210681915283,True,0.19867753982543945,False,0.24305081367492676,E<> trueGlobalLog[0].eventID == R180_e_4_ID and trueGlobalLog[1].eventID == R180_e_3_ID and trueGlobalLog[2].eventID == R181_e_2_ID and trueGlobalLog[3].eventID == R181_e_1_ID and trueGlobalLog[4].eventID == R180_e_7_ID and trueGlobalLog[5].eventID == R181_e_3_ID and trueGlobalLog[5].orderCount != 0,E<> trueGlobalLog[0].eventID == R180_e_4_ID and trueGlobalLog[1].eventID == R180_e_3_ID and trueGlobalLog[2].eventID == R181_e_2_ID and trueGlobalLog[3].eventID == R181_e_1_ID and trueGlobalLog[4].eventID == R180_e_7_ID and trueGlobalLog[5].eventID == R183_e_0_ID and trueGlobalLog[5].orderCount != 0,C:\Users\thore\OneDrive\Skrivebord\MasterThesis\SwarmProtocolVerification\src\example_protocols\5_roles_10_commands\13_max_5_roles_max_10_commands\13_max_5_roles_max_10_commands.json
11,3,2.114741563796997,True,0.19167065620422363,False,0.1384420394897461,E<> trueGlobalLog[0].eventID == R201_e_0_ID and trueGlobalLog[1].eventID == R201_e_7_ID and trueGlobalLog[2].eventID == R202_e_1_ID and trueGlobalLog[3].eventID == R201_e_2_ID and trueGlobalLog[4].eventID == R202_e_0_ID and trueGlobalLog[5].eventID == R201_e_1_ID and trueGlobalLog[5].orderCount != 0,E<> trueGlobalLog[0].eventID == R201_e_0_ID and trueGlobalLog[1].eventID == R201_e_7_ID and trueGlobalLog[2].eventID == R202_e_1_ID and trueGlobalLog[3].eventID == R201_e_2_ID and trueGlobalLog[4].eventID == R202_e_0_ID and trueGlobalLog[5].eventID == R201_e_4_ID and trueGlobalLog[5].orderCount != 0,C:\Users\thore\OneDrive\Skrivebord\MasterThesis\SwarmProtocolVerification\src\example_protocols\5_roles_10_commands\14_max_5_roles_max_10_commands\14_max_5_roles_max_10_commands.json
24,4,3.0403549671173096,True,0.19400596618652344,False,12.037434101104736,E<> trueGlobalLog[0].eventID == R219_e_3_ID and trueGlobalLog[1].eventID == R216_e_1_ID and trueGlobalLog[2].eventID == R219_e_2_ID and trueGlobalLog[3].eventID == R219_e_6_ID and trueGlobalLog[4].eventID == R217_e_3_ID and trueGlobalLog[5].eventID == R219_e_8_ID and trueGlobalLog[5].orderCount != 0,E<> trueGlobalLog[0].eventID == R219_e_3_ID and trueGlobalLog[1].eventID == R216_e_1_ID and trueGlobalLog[2].eventID == R219_e_2_ID and trueGlobalLog[3].eventID == R219_e_6_ID and trueGlobalLog[4].eventID == R217_e_3_ID and trueGlobalLog[5].eventID == R219_e_1_ID and trueGlobalLog[5].orderCount != 0,C:\Users\thore\OneDrive\Skrivebord\MasterThesis\SwarmProtocolVerification\src\example_protocols\5_roles_10_commands\15_max_5_roles_max_10_commands\15_max_5_roles_max_10_commands.json
28,4,2.6366875171661377,True,0.19975018501281738,False,0.1573333740234375,E<> trueGlobalLog[0].eventID == R243_e_5_ID and trueGlobalLog[1].eventID == R242_e_3_ID and trueGlobalLog[2].eventID == R244_e_5_ID and trueGlobalLog[3].eventID == R243_e_7_ID and trueGlobalLog[4].eventID == R244_e_6_ID and trueGlobalLog[5].eventID == R244_e_2_ID and trueGlobalLog[5].orderCount != 0,E<> trueGlobalLog[0].eventID == R243_e_5_ID and trueGlobalLog[1].eventID == R242_e_3_ID and trueGlobalLog[2].eventID == R244_e_5_ID and trueGlobalLog[3].eventID == R243_e_7_ID and trueGlobalLog[4].eventID == R244_e_6_ID and trueGlobalLog[5].eventID == R244_e_0_ID and trueGlobalLog[5].orderCount != 0,C:\Users\thore\OneDrive\Skrivebord\MasterThesis\SwarmProtocolVerification\src\example_protocols\5_roles_10_commands\16_max_5_roles_max_10_commands\16_max_5_roles_max_10_commands.json
5,1,0.6261844635009766,True,0.09181332588195801,False,0.10297942161560059,E<> trueGlobalLog[0].eventID == R273_e_3_ID and trueGlobalLog[1].eventID == R273_e_2_ID and trueGlobalLog[2].eventID == R273_e_4_ID and trueGlobalLog[3].eventID == R273_e_0_ID and trueGlobalLog[4].eventID == R273_e_1_ID and trueGlobalLog[4].orderCount != 0,E<> trueGlobalLog[0].eventID == R273_e_3_ID and trueGlobalLog[1].eventID == R273_e_2_ID and trueGlobalLog[2].eventID == R273_e_4_ID and trueGlobalLog[3].eventID == R273_e_0_ID and trueGlobalLog[4].eventID == R273_e_4_ID and trueGlobalLog[4].orderCount != 0,C:\Users\thore\OneDrive\Skrivebord\MasterThesis\SwarmProtocolVerification\src\example_protocols\5_roles_10_commands\17_max_5_roles_max_10_commands\17_max_5_roles_max_10_commands.json
6,1,0.6168813705444336,True,0.10647034645080566,False,0.08067774772644043,E<> trueGlobalLog[0].eventID == R280_e_5_ID and trueGlobalLog[1].eventID == R280_e_2_ID and trueGlobalLog[2].eventID == R280_e_1_ID and trueGlobalLog[3].eventID == R280_e_0_ID and trueGlobalLog[4].eventID == R280_e_3_ID and trueGlobalLog[5].eventID == R280_e_4_ID and trueGlobalLog[5].orderCount != 0,E<> trueGlobalLog[0].eventID == R280_e_5_ID and trueGlobalLog[1].eventID == R280_e_2_ID and trueGlobalLog[2].eventID == R280_e_1_ID and trueGlobalLog[3].eventID == R280_e_0_ID and trueGlobalLog[4].eventID == R280_e_3_ID and trueGlobalLog[5].eventID == R280_e_2_ID and trueGlobalLog[5].orderCount != 0,C:\Users\thore\OneDrive\Skrivebord\MasterThesis\SwarmProtocolVerification\src\example_protocols\5_roles_10_commands\18_max_5_roles_max_10_commands\18_max_5_roles_max_10_commands.json
10,2,1.4301247596740723,True,0.15404582023620605,False,0.16560769081115723,E<> trueGlobalLog[0].eventID == R288_e_1_ID and trueGlobalLog[1].eventID == R289_e_1_ID and trueGlobalLog[2].eventID == R288_e_0_ID and trueGlobalLog[3].eventID == R288_e_2_ID and trueGlobalLog[4].eventID == R289_e_0_ID and trueGlobalLog[5].eventID == R288_e_3_ID and trueGlobalLog[5].orderCount != 0,E<> trueGlobalLog[0].eventID == R288_e_1_ID and trueGlobalLog[1].eventID == R289_e_1_ID and trueGlobalLog[2].eventID == R288_e_0_ID and trueGlobalLog[3].eventID == R288_e_2_ID and trueGlobalLog[4].eventID == R289_e_0_ID and trueGlobalLog[5].eventID == R289_e_1_ID and trueGlobalLog[5].orderCount != 0,C:\Users\thore\OneDrive\Skrivebord\MasterThesis\SwarmProtocolVerification\src\example_protocols\5_roles_10_commands\19_max_5_roles_max_10_commands\19_max_5_roles_max_10_commands.json
18,4,2.8890504837036133,True,0.1925201416015625,False,283.65650606155396,E<> trueGlobalLog[0].eventID == R17_e_1_ID and trueGlobalLog[1].eventID == R18_e_1_ID and trueGlobalLog[2].eventID == R17_e_2_ID and trueGlobalLog[3].eventID == R16_e_2_ID and trueGlobalLog[4].eventID == R18_e_3_ID and trueGlobalLog[5].eventID == R16_e_1_ID and trueGlobalLog[5].orderCount != 0,E<> trueGlobalLog[0].eventID == R17_e_1_ID and trueGlobalLog[1].eventID == R18_e_1_ID and trueGlobalLog[2].eventID == R17_e_2_ID and trueGlobalLog[3].eventID == R16_e_2_ID and trueGlobalLog[4].eventID == R18_e_3_ID and trueGlobalLog[5].eventID == R18_e_2_ID and trueGlobalLog[5].orderCount != 0,C:\Users\thore\OneDrive\Skrivebord\MasterThesis\SwarmProtocolVerification\src\example_protocols\5_roles_10_commands\1_max_5_roles_max_10_commands\1_max_5_roles_max_10_commands.json
6,1,0.6275169849395752,True,0.10279440879821777,False,0.07855486869812012,E<> trueGlobalLog[0].eventID == R300_e_0_ID and trueGlobalLog[1].eventID == R300_e_4_ID and trueGlobalLog[2].eventID == R300_e_3_ID and trueGlobalLog[3].eventID == R300_e_5_ID and trueGlobalLog[4].eventID == R300_e_1_ID and trueGlobalLog[5].eventID == R300_e_2_ID and trueGlobalLog[5].orderCount != 0,E<> trueGlobalLog[0].eventID == R300_e_0_ID and trueGlobalLog[1].eventID == R300_e_4_ID and trueGlobalLog[2].eventID == R300_e_3_ID and trueGlobalLog[3].eventID == R300_e_5_ID and trueGlobalLog[4].eventID == R300_e_1_ID and trueGlobalLog[5].eventID == R300_e_5_ID and trueGlobalLog[5].orderCount != 0,C:\Users\thore\OneDrive\Skrivebord\MasterThesis\SwarmProtocolVerification\src\example_protocols\5_roles_10_commands\20_max_5_roles_max_10_commands\20_max_5_roles_max_10_commands.json
18,3,1.9351818561553955,True,0.16376924514770508,False,0.6466424465179443,E<> trueGlobalLog[0].eventID == R309_e_5_ID and trueGlobalLog[1].eventID == R309_e_0_ID and trueGlobalLog[2].eventID == R310_e_0_ID and trueGlobalLog[3].eventID == R309_e_2_ID and trueGlobalLog[4].eventID == R308_e_1_ID and trueGlobalLog[5].eventID == R310_e_1_ID and trueGlobalLog[5].orderCount != 0,E<> trueGlobalLog[0].eventID == R309_e_5_ID and trueGlobalLog[1].eventID == R309_e_0_ID and trueGlobalLog[2].eventID == R310_e_0_ID and trueGlobalLog[3].eventID == R309_e_2_ID and trueGlobalLog[4].eventID == R308_e_1_ID and trueGlobalLog[5].eventID == R308_e_1_ID and trueGlobalLog[5].orderCount != 0,C:\Users\thore\OneDrive\Skrivebord\MasterThesis\SwarmProtocolVerification\src\example_protocols\5_roles_10_commands\21_max_5_roles_max_10_commands\21_max_5_roles_max_10_commands.json
24,4,2.3661959171295166,True,0.2182917594909668,False,7.582551717758179,E<> trueGlobalLog[0].eventID == R331_e_0_ID and trueGlobalLog[1].eventID == R331_e_1_ID and trueGlobalLog[2].eventID == R331_e_3_ID and trueGlobalLog[3].eventID == R329_e_1_ID and trueGlobalLog[4].eventID == R328_e_6_ID and trueGlobalLog[5].eventID == R329_e_0_ID and trueGlobalLog[5].orderCount != 0,E<> trueGlobalLog[0].eventID == R331_e_0_ID and trueGlobalLog[1].eventID == R331_e_1_ID and trueGlobalLog[2].eventID == R331_e_3_ID and trueGlobalLog[3].eventID == R329_e_1_ID and trueGlobalLog[4].eventID == R328_e_6_ID and trueGlobalLog[5].eventID == R329_e_6_ID and trueGlobalLog[5].orderCount != 0,C:\Users\thore\OneDrive\Skrivebord\MasterThesis\SwarmProtocolVerification\src\example_protocols\5_roles_10_commands\22_max_5_roles_max_10_commands\22_max_5_roles_max_10_commands.json
3,1,0.5648753643035889,True,0.08443045616149902,False,0.09960007667541504,E<> trueGlobalLog[0].eventID == R354_e_2_ID and trueGlobalLog[1].eventID == R354_e_0_ID and trueGlobalLog[2].eventID == R354_e_1_ID and trueGlobalLog[2].orderCount != 0,E<> trueGlobalLog[0].eventID == R354_e_2_ID and trueGlobalLog[1].eventID == R354_e_0_ID and trueGlobalLog[2].eventID == R354_e_0_ID and trueGlobalLog[2].orderCount != 0,C:\Users\thore\OneDrive\Skrivebord\MasterThesis\SwarmProtocolVerification\src\example_protocols\5_roles_10_commands\23_max_5_roles_max_10_commands\23_max_5_roles_max_10_commands.json
1,1,0.5736281871795654,True,0.08064103126525879,True,0.09421229362487793,E<> trueGlobalLog[0].eventID == R358_e_0_ID and trueGlobalLog[0].orderCount != 0,E<> trueGlobalLog[0].eventID == R358_e_0_ID and trueGlobalLog[0].orderCount != 0,C:\Users\thore\OneDrive\Skrivebord\MasterThesis\SwarmProtocolVerification\src\example_protocols\5_roles_10_commands\24_max_5_roles_max_10_commands\24_max_5_roles_max_10_commands.json
7,1,0.5820651054382324,True,0.10068368911743164,False,0.08125829696655273,E<> trueGlobalLog[0].eventID == R361_e_2_ID and trueGlobalLog[1].eventID == R361_e_6_ID and trueGlobalLog[2].eventID == R361_e_0_ID and trueGlobalLog[3].eventID == R361_e_5_ID and trueGlobalLog[4].eventID == R361_e_4_ID and trueGlobalLog[5].eventID == R361_e_3_ID and trueGlobalLog[5].orderCount != 0,E<> trueGlobalLog[0].eventID == R361_e_2_ID and trueGlobalLog[1].eventID == R361_e_6_ID and trueGlobalLog[2].eventID == R361_e_0_ID and trueGlobalLog[3].eventID == R361_e_5_ID and trueGlobalLog[4].eventID == R361_e_4_ID and trueGlobalLog[5].eventID == R361_e_1_ID and trueGlobalLog[5].orderCount != 0,C:\Users\thore\OneDrive\Skrivebord\MasterThesis\SwarmProtocolVerification\src\example_protocols\5_roles_10_commands\25_max_5_roles_max_10_commands\25_max_5_roles_max_10_commands.json
22,3,2.134927749633789,True,0.15375518798828125,False,0.1099238395690918,E<> trueGlobalLog[0].eventID == R372_e_0_ID and trueGlobalLog[1].eventID == R372_e_1_ID and trueGlobalLog[2].eventID == R371_e_0_ID and trueGlobalLog[3].eventID == R371_e_1_ID and trueGlobalLog[4].eventID == R370_e_1_ID and trueGlobalLog[5].eventID == R371_e_5_ID and trueGlobalLog[5].orderCount != 0,E<> trueGlobalLog[0].eventID == R372_e_0_ID and trueGlobalLog[1].eventID == R372_e_1_ID and trueGlobalLog[2].eventID == R371_e_0_ID and trueGlobalLog[3].eventID == R371_e_1_ID and trueGlobalLog[4].eventID == R370_e_1_ID and trueGlobalLog[5].eventID == R370_e_6_ID and trueGlobalLog[5].orderCount != 0,C:\Users\thore\OneDrive\Skrivebord\MasterThesis\SwarmProtocolVerification\src\example_protocols\5_roles_10_commands\26_max_5_roles_max_10_commands\26_max_5_roles_max_10_commands.json
2,1,0.5913195610046387,True,0.08944821357727051,False,0.07006144523620605,E<> trueGlobalLog[0].eventID == R396_e_0_ID and trueGlobalLog[1].eventID == R396_e_1_ID and trueGlobalLog[1].orderCount != 0,E<> trueGlobalLog[0].eventID == R396_e_0_ID and trueGlobalLog[1].eventID == R396_e_0_ID and trueGlobalLog[1].orderCount != 0,C:\Users\thore\OneDrive\Skrivebord\MasterThesis\SwarmProtocolVerification\src\example_protocols\5_roles_10_commands\27_max_5_roles_max_10_commands\27_max_5_roles_max_10_commands.json
8,3,1.7891020774841309,True,0.14073920249938965,False,0.17224884033203125,E<> trueGlobalLog[0].eventID == R401_e_0_ID and trueGlobalLog[1].eventID == R402_e_1_ID and trueGlobalLog[2].eventID == R402_e_4_ID and trueGlobalLog[3].eventID == R401_e_1_ID and trueGlobalLog[4].eventID == R402_e_2_ID and trueGlobalLog[5].eventID == R400_e_0_ID and trueGlobalLog[5].orderCount != 0,E<> trueGlobalLog[0].eventID == R401_e_0_ID and trueGlobalLog[1].eventID == R402_e_1_ID and trueGlobalLog[2].eventID == R402_e_4_ID and trueGlobalLog[3].eventID == R401_e_1_ID and trueGlobalLog[4].eventID == R402_e_2_ID and trueGlobalLog[5].eventID == R402_e_1_ID and trueGlobalLog[5].orderCount != 0,C:\Users\thore\OneDrive\Skrivebord\MasterThesis\SwarmProtocolVerification\src\example_protocols\5_roles_10_commands\28_max_5_roles_max_10_commands\28_max_5_roles_max_10_commands.json
23,4,2.4629342555999756,True,0.20457100868225098,False,0.11026549339294434,E<> trueGlobalLog[0].eventID == R413_e_0_ID and trueGlobalLog[1].eventID == R413_e_1_ID and trueGlobalLog[2].eventID == R414_e_0_ID and trueGlobalLog[3].eventID == R414_e_2_ID and trueGlobalLog[4].eventID == R411_e_6_ID and trueGlobalLog[5].eventID == R411_e_8_ID and trueGlobalLog[5].orderCount != 0,E<> trueGlobalLog[0].eventID == R413_e_0_ID and trueGlobalLog[1].eventID == R413_e_1_ID and trueGlobalLog[2].eventID == R414_e_0_ID and trueGlobalLog[3].eventID == R414_e_2_ID and trueGlobalLog[4].eventID == R411_e_6_ID and trueGlobalLog[5].eventID == R414_e_3_ID and trueGlobalLog[5].orderCount != 0,C:\Users\thore\OneDrive\Skrivebord\MasterThesis\SwarmProtocolVerification\src\example_protocols\5_roles_10_commands\29_max_5_roles_max_10_commands\29_max_5_roles_max_10_commands.json
7,2,1.1775519847869873,True,0.12412524223327637,False,0.08119916915893555,E<> trueGlobalLog[0].eventID == R36_e_3_ID and trueGlobalLog[1].eventID == R36_e_2_ID and trueGlobalLog[2].eventID == R37_e_0_ID and trueGlobalLog[3].eventID == R36_e_0_ID and trueGlobalLog[4].eventID == R37_e_1_ID and trueGlobalLog[5].eventID == R36_e_4_ID and trueGlobalLog[5].orderCount != 0,E<> trueGlobalLog[0].eventID == R36_e_3_ID and trueGlobalLog[1].eventID == R36_e_2_ID and trueGlobalLog[2].eventID == R37_e_0_ID and trueGlobalLog[3].eventID == R36_e_0_ID and trueGlobalLog[4].eventID == R37_e_1_ID and trueGlobalLog[5].eventID == R36_e_3_ID and trueGlobalLog[5].orderCount != 0,C:\Users\thore\OneDrive\Skrivebord\MasterThesis\SwarmProtocolVerification\src\example_protocols\5_roles_10_commands\2_max_5_roles_max_10_commands\2_max_5_roles_max_10_commands.json
25,4,2.4498283863067627,True,0.23363471031188965,False,115.82930445671082,E<> trueGlobalLog[0].eventID == R439_e_4_ID and trueGlobalLog[1].eventID == R440_e_4_ID and trueGlobalLog[2].eventID == R439_e_2_ID and trueGlobalLog[3].eventID == R440_e_1_ID and trueGlobalLog[4].eventID == R441_e_7_ID and trueGlobalLog[5].eventID == R441_e_0_ID and trueGlobalLog[5].orderCount != 0,E<> trueGlobalLog[0].eventID == R439_e_4_ID and trueGlobalLog[1].eventID == R440_e_4_ID and trueGlobalLog[2].eventID == R439_e_2_ID and trueGlobalLog[3].eventID == R440_e_1_ID and trueGlobalLog[4].eventID == R441_e_7_ID and trueGlobalLog[5].eventID == R440_e_4_ID and trueGlobalLog[5].orderCount != 0,C:\Users\thore\OneDrive\Skrivebord\MasterThesis\SwarmProtocolVerification\src\example_protocols\5_roles_10_commands\30_max_5_roles_max_10_commands\30_max_5_roles_max_10_commands.json
23,3,1.8801794052124023,True,0.18554282188415527,False,107.92638874053955,E<> trueGlobalLog[0].eventID == R465_e_4_ID and trueGlobalLog[1].eventID == R465_e_2_ID and trueGlobalLog[2].eventID == R466_e_0_ID and trueGlobalLog[3].eventID == R465_e_1_ID and trueGlobalLog[4].eventID == R467_e_7_ID and trueGlobalLog[5].eventID == R467_e_4_ID and trueGlobalLog[5].orderCount != 0,E<> trueGlobalLog[0].eventID == R465_e_4_ID and trueGlobalLog[1].eventID == R465_e_2_ID and trueGlobalLog[2].eventID == R466_e_0_ID and trueGlobalLog[3].eventID == R465_e_1_ID and trueGlobalLog[4].eventID == R467_e_7_ID and trueGlobalLog[5].eventID == R466_e_5_ID and trueGlobalLog[5].orderCount != 0,C:\Users\thore\OneDrive\Skrivebord\MasterThesis\SwarmProtocolVerification\src\example_protocols\5_roles_10_commands\31_max_5_roles_max_10_commands\31_max_5_roles_max_10_commands.json
25,4,2.5102741718292236,True,0.19777202606201172,False,3.313886880874634,E<> trueGlobalLog[0].eventID == R491_e_3_ID and trueGlobalLog[1].eventID == R490_e_5_ID and trueGlobalLog[2].eventID == R491_e_1_ID and trueGlobalLog[3].eventID == R490_e_2_ID and trueGlobalLog[4].eventID == R491_e_4_ID and trueGlobalLog[5].eventID == R491_e_0_ID and trueGlobalLog[5].orderCount != 0,E<> trueGlobalLog[0].eventID == R491_e_3_ID and trueGlobalLog[1].eventID == R490_e_5_ID and trueGlobalLog[2].eventID == R491_e_1_ID and trueGlobalLog[3].eventID == R490_e_2_ID and trueGlobalLog[4].eventID == R491_e_4_ID and trueGlobalLog[5].eventID == R490_e_2_ID and trueGlobalLog[5].orderCount != 0,C:\Users\thore\OneDrive\Skrivebord\MasterThesis\SwarmProtocolVerification\src\example_protocols\5_roles_10_commands\32_max_5_roles_max_10_commands\32_max_5_roles_max_10_commands.json
25,4,2.523881673812866,True,0.2013242244720459,False,0.2798032760620117,E<> trueGlobalLog[0].eventID == R518_e_0_ID and trueGlobalLog[1].eventID == R517_e_0_ID and trueGlobalLog[2].eventID == R519_e_4_ID and trueGlobalLog[3].eventID == R518_e_3_ID and trueGlobalLog[4].eventID == R517_e_3_ID and trueGlobalLog[5].eventID == R516_e_4_ID and trueGlobalLog[5].orderCount != 0,E<> trueGlobalLog[0].eventID == R518_e_0_ID and trueGlobalLog[1].eventID == R517_e_0_ID and trueGlobalLog[2].eventID == R519_e_4_ID and trueGlobalLog[3].eventID == R518_e_3_ID and trueGlobalLog[4].eventID == R517_e_3_ID and trueGlobalLog[5].eventID == R518_e_1_ID and trueGlobalLog[5].orderCount != 0,C:\Users\thore\OneDrive\Skrivebord\MasterThesis\SwarmProtocolVerification\src\example_protocols\5_roles_10_commands\33_max_5_roles_max_10_commands\33_max_5_roles_max_10_commands.json
15,3,1.7757132053375244,True,0.1788952350616455,False,0.9460489749908447,E<> trueGlobalLog[0].eventID == R544_e_2_ID and trueGlobalLog[1].eventID == R545_e_3_ID and trueGlobalLog[2].eventID == R544_e_4_ID and trueGlobalLog[3].eventID == R544_e_1_ID and trueGlobalLog[4].eventID == R546_e_3_ID and trueGlobalLog[5].eventID == R545_e_4_ID and trueGlobalLog[5].orderCount != 0,E<> trueGlobalLog[0].eventID == R544_e_2_ID and trueGlobalLog[1].eventID == R545_e_3_ID and trueGlobalLog[2].eventID == R544_e_4_ID and trueGlobalLog[3].eventID == R544_e_1_ID and trueGlobalLog[4].eventID == R546_e_3_ID and trueGlobalLog[5].eventID == R545_e_3_ID and trueGlobalLog[5].orderCount != 0,C:\Users\thore\OneDrive\Skrivebord\MasterThesis\SwarmProtocolVerification\src\example_protocols\5_roles_10_commands\34_max_5_roles_max_10_commands\34_max_5_roles_max_10_commands.json
17,3,1.842444896697998,True,0.14737415313720703,False,1.8924813270568848,E<> trueGlobalLog[0].eventID == R563_e_3_ID and trueGlobalLog[1].eventID == R563_e_2_ID and trueGlobalLog[2].eventID == R563_e_7_ID and trueGlobalLog[3].eventID == R563_e_6_ID and trueGlobalLog[4].eventID == R562_e_3_ID and trueGlobalLog[5].eventID == R562_e_4_ID and trueGlobalLog[5].orderCount != 0,E<> trueGlobalLog[0].eventID == R563_e_3_ID and trueGlobalLog[1].eventID == R563_e_2_ID and trueGlobalLog[2].eventID == R563_e_7_ID and trueGlobalLog[3].eventID == R563_e_6_ID and trueGlobalLog[4].eventID == R562_e_3_ID and trueGlobalLog[5].eventID == R563_e_6_ID and trueGlobalLog[5].orderCount != 0,C:\Users\thore\OneDrive\Skrivebord\MasterThesis\SwarmProtocolVerification\src\example_protocols\5_roles_10_commands\35_max_5_roles_max_10_commands\35_max_5_roles_max_10_commands.json
6,2,1.2732770442962646,True,0.1291825771331787,False,0.07856893539428711,E<> trueGlobalLog[0].eventID == R580_e_0_ID and trueGlobalLog[1].eventID == R580_e_1_ID and trueGlobalLog[2].eventID == R581_e_3_ID and trueGlobalLog[3].eventID == R581_e_0_ID and trueGlobalLog[4].eventID == R581_e_2_ID and trueGlobalLog[5].eventID == R581_e_1_ID and trueGlobalLog[5].orderCount != 0,E<> trueGlobalLog[0].eventID == R580_e_0_ID and trueGlobalLog[1].eventID == R580_e_1_ID and trueGlobalLog[2].eventID == R581_e_3_ID and trueGlobalLog[3].eventID == R581_e_0_ID and trueGlobalLog[4].eventID == R581_e_2_ID and trueGlobalLog[5].eventID == R580_e_0_ID and trueGlobalLog[5].orderCount != 0,C:\Users\thore\OneDrive\Skrivebord\MasterThesis\SwarmProtocolVerification\src\example_protocols\5_roles_10_commands\36_max_5_roles_max_10_commands\36_max_5_roles_max_10_commands.json
5,1,0.6137495040893555,True,0.10658860206604004,False,0.0780489444732666,E<> trueGlobalLog[0].eventID == R589_e_0_ID and trueGlobalLog[1].eventID == R589_e_1_ID and trueGlobalLog[2].eventID == R589_e_4_ID and trueGlobalLog[3].eventID == R589_e_3_ID and trueGlobalLog[4].eventID == R589_e_2_ID and trueGlobalLog[4].orderCount != 0,E<> trueGlobalLog[0].eventID == R589_e_0_ID and trueGlobalLog[1].eventID == R589_e_1_ID and trueGlobalLog[2].eventID == R589_e_4_ID and trueGlobalLog[3].eventID == R589_e_3_ID and trueGlobalLog[4].eventID == R589_e_4_ID and trueGlobalLog[4].orderCount != 0,C:\Users\thore\OneDrive\Skrivebord\MasterThesis\SwarmProtocolVerification\src\example_protocols\5_roles_10_commands\37_max_5_roles_max_10_commands\37_max_5_roles_max_10_commands.json
17,3,1.9352619647979736,True,0.1592550277709961,False,1.9947247505187988,E<> trueGlobalLog[0].eventID == R596_e_0_ID and trueGlobalLog[1].eventID == R598_e_6_ID and trueGlobalLog[2].eventID == R598_e_2_ID and trueGlobalLog[3].eventID == R598_e_0_ID and trueGlobalLog[4].eventID == R598_e_5_ID and trueGlobalLog[5].eventID == R598_e_1_ID and trueGlobalLog[5].orderCount != 0,E<> trueGlobalLog[0].eventID == R596_e_0_ID and trueGlobalLog[1].eventID == R598_e_6_ID and trueGlobalLog[2].eventID == R598_e_2_ID and trueGlobalLog[3].eventID == R598_e_0_ID and trueGlobalLog[4].eventID == R598_e_5_ID and trueGlobalLog[5].eventID == R598_e_5_ID and trueGlobalLog[5].orderCount != 0,C:\Users\thore\OneDrive\Skrivebord\MasterThesis\SwarmProtocolVerification\src\example_protocols\5_roles_10_commands\38_max_5_roles_max_10_commands\38_max_5_roles_max_10_commands.json
8,1,0.6138002872467041,True,0.08998537063598633,False,0.09256553649902344,E<> trueGlobalLog[0].eventID == R615_e_1_ID and trueGlobalLog[1].eventID == R615_e_0_ID and trueGlobalLog[2].eventID == R615_e_4_ID and trueGlobalLog[3].eventID == R615_e_5_ID and trueGlobalLog[4].eventID == R615_e_7_ID and trueGlobalLog[5].eventID == R615_e_6_ID and trueGlobalLog[5].orderCount != 0,E<> trueGlobalLog[0].eventID == R615_e_1_ID and trueGlobalLog[1].eventID == R615_e_0_ID and trueGlobalLog[2].eventID == R615_e_4_ID and trueGlobalLog[3].eventID == R615_e_5_ID and trueGlobalLog[4].eventID == R615_e_7_ID and trueGlobalLog[5].eventID == R615_e_4_ID and trueGlobalLog[5].orderCount != 0,C:\Users\thore\OneDrive\Skrivebord\MasterThesis\SwarmProtocolVerification\src\example_protocols\5_roles_10_commands\39_max_5_roles_max_10_commands\39_max_5_roles_max_10_commands.json
12,3,1.9203612804412842,True,0.15358781814575195,False,1.752518653869629,E<> trueGlobalLog[0].eventID == R48_e_0_ID and trueGlobalLog[1].eventID == R47_e_2_ID and trueGlobalLog[2].eventID == R48_e_3_ID and trueGlobalLog[3].eventID == R47_e_6_ID and trueGlobalLog[4].eventID == R47_e_4_ID and trueGlobalLog[5].eventID == R48_e_2_ID and trueGlobalLog[5].orderCount != 0,E<> trueGlobalLog[0].eventID == R48_e_0_ID and trueGlobalLog[1].eventID == R47_e_2_ID and trueGlobalLog[2].eventID == R48_e_3_ID and trueGlobalLog[3].eventID == R47_e_6_ID and trueGlobalLog[4].eventID == R47_e_4_ID and trueGlobalLog[5].eventID == R47_e_1_ID and trueGlobalLog[5].orderCount != 0,C:\Users\thore\OneDrive\Skrivebord\MasterThesis\SwarmProtocolVerification\src\example_protocols\5_roles_10_commands\3_max_5_roles_max_10_commands\3_max_5_roles_max_10_commands.json
7,1,0.7063348293304443,True,0.09653544425964355,False,0.0786736011505127,E<> trueGlobalLog[0].eventID == R624_e_0_ID and trueGlobalLog[1].eventID == R624_e_5_ID and trueGlobalLog[2].eventID == R624_e_6_ID and trueGlobalLog[3].eventID == R624_e_1_ID and trueGlobalLog[4].eventID == R624_e_4_ID and trueGlobalLog[5].eventID == R624_e_3_ID and trueGlobalLog[5].orderCount != 0,E<> trueGlobalLog[0].eventID == R624_e_0_ID and trueGlobalLog[1].eventID == R624_e_5_ID and trueGlobalLog[2].eventID == R624_e_6_ID and trueGlobalLog[3].eventID == R624_e_1_ID and trueGlobalLog[4].eventID == R624_e_4_ID and trueGlobalLog[5].eventID == R624_e_6_ID and trueGlobalLog[5].orderCount != 0,C:\Users\thore\OneDrive\Skrivebord\MasterThesis\SwarmProtocolVerification\src\example_protocols\5_roles_10_commands\40_max_5_roles_max_10_commands\40_max_5_roles_max_10_commands.json
21,4,2.469759941101074,True,0.1764237880706787,False,0.12557458877563477,E<> trueGlobalLog[0].eventID == R635_e_5_ID and trueGlobalLog[1].eventID == R633_e_1_ID and trueGlobalLog[2].eventID == R635_e_4_ID and trueGlobalLog[3].eventID == R634_e_0_ID and trueGlobalLog[4].eventID == R634_e_5_ID and trueGlobalLog[5].eventID == R634_e_2_ID and trueGlobalLog[5].orderCount != 0,E<> trueGlobalLog[0].eventID == R635_e_5_ID and trueGlobalLog[1].eventID == R633_e_1_ID and trueGlobalLog[2].eventID == R635_e_4_ID and trueGlobalLog[3].eventID == R634_e_0_ID and trueGlobalLog[4].eventID == R634_e_5_ID and trueGlobalLog[5].eventID == R634_e_0_ID and trueGlobalLog[5].orderCount != 0,C:\Users\thore\OneDrive\Skrivebord\MasterThesis\SwarmProtocolVerification\src\example_protocols\5_roles_10_commands\41_max_5_roles_max_10_commands\41_max_5_roles_max_10_commands.json
7,2,1.1983709335327148,True,0.11594724655151367,False,0.08182287216186523,E<> trueGlobalLog[0].eventID == R660_e_5_ID and trueGlobalLog[1].eventID == R660_e_2_ID and trueGlobalLog[2].eventID == R660_e_0_ID and trueGlobalLog[3].eventID == R660_e_3_ID and trueGlobalLog[3].orderCount != 0,E<> trueGlobalLog[0].eventID == R660_e_5_ID and trueGlobalLog[1].eventID == R660_e_2_ID and trueGlobalLog[2].eventID == R660_e_0_ID and trueGlobalLog[3].eventID == R660_e_1_ID and trueGlobalLog[3].orderCount != 0,C:\Users\thore\OneDrive\Skrivebord\MasterThesis\SwarmProtocolVerification\src\example_protocols\5_roles_10_commands\42_max_5_roles_max_10_commands\42_max_5_roles_max_10_commands.json
7,1,0.7280788421630859,True,0.12927889823913574,False,0.09812188148498535,E<> trueGlobalLog[0].eventID == R669_e_2_ID and trueGlobalLog[1].eventID == R669_e_4_ID and trueGlobalLog[2].eventID == R669_e_6_ID and trueGlobalLog[3].eventID == R669_e_5_ID and trueGlobalLog[4].eventID == R669_e_0_ID and trueGlobalLog[5].eventID == R669_e_1_ID and trueGlobalLog[5].orderCount != 0,E<> trueGlobalLog[0].eventID == R669_e_2_ID and trueGlobalLog[1].eventID == R669_e_4_ID and trueGlobalLog[2].eventID == R669_e_6_ID and trueGlobalLog[3].eventID == R669_e_5_ID and trueGlobalLog[4].eventID == R669_e_0_ID and trueGlobalLog[5].eventID == R669_e_5_ID and trueGlobalLog[5].orderCount != 0,C:\Users\thore\OneDrive\Skrivebord\MasterThesis\SwarmProtocolVerification\src\example_protocols\5_roles_10_commands\43_max_5_roles_max_10_commands\43_max_5_roles_max_10_commands.json
13,3,1.958937168121338,True,0.18064284324645996,False,0.10979008674621582,E<> trueGlobalLog[0].eventID == R679_e_3_ID and trueGlobalLog[1].eventID == R679_e_2_ID and trueGlobalLog[2].eventID == R678_e_0_ID and trueGlobalLog[3].eventID == R679_e_5_ID and trueGlobalLog[4].eventID == R678_e_1_ID and trueGlobalLog[5].eventID == R679_e_1_ID and trueGlobalLog[5].orderCount != 0,E<> trueGlobalLog[0].eventID == R679_e_3_ID and trueGlobalLog[1].eventID == R679_e_2_ID and trueGlobalLog[2].eventID == R678_e_0_ID and trueGlobalLog[3].eventID == R679_e_5_ID and trueGlobalLog[4].eventID == R678_e_1_ID and trueGlobalLog[5].eventID == R679_e_4_ID and trueGlobalLog[5].orderCount != 0,C:\Users\thore\OneDrive\Skrivebord\MasterThesis\SwarmProtocolVerification\src\example_protocols\5_roles_10_commands\44_max_5_roles_max_10_commands\44_max_5_roles_max_10_commands.json
19,3,1.8080403804779053,True,0.14821505546569824,False,1.6404716968536377,E<> trueGlobalLog[0].eventID == R695_e_2_ID and trueGlobalLog[1].eventID == R695_e_1_ID and trueGlobalLog[2].eventID == R696_e_3_ID and trueGlobalLog[3].eventID == R697_e_2_ID and trueGlobalLog[4].eventID == R696_e_1_ID and trueGlobalLog[5].eventID == R697_e_3_ID and trueGlobalLog[5].orderCount != 0,E<> trueGlobalLog[0].eventID == R695_e_2_ID and trueGlobalLog[1].eventID == R695_e_1_ID and trueGlobalLog[2].eventID == R696_e_3_ID and trueGlobalLog[3].eventID == R697_e_2_ID and trueGlobalLog[4].eventID == R696_e_1_ID and trueGlobalLog[5].eventID == R697_e_2_ID and trueGlobalLog[5].orderCount != 0,C:\Users\thore\OneDrive\Skrivebord\MasterThesis\SwarmProtocolVerification\src\example_protocols\5_roles_10_commands\45_max_5_roles_max_10_commands\45_max_5_roles_max_10_commands.json
14,3,1.7905604839324951,True,0.15743374824523926,False,0.13929271697998047,E<> trueGlobalLog[0].eventID == R717_e_4_ID and trueGlobalLog[1].eventID == R718_e_0_ID and trueGlobalLog[2].eventID == R716_e_3_ID and trueGlobalLog[3].eventID == R717_e_5_ID and trueGlobalLog[4].eventID == R717_e_2_ID and trueGlobalLog[5].eventID == R717_e_1_ID and trueGlobalLog[5].orderCount != 0,E<> trueGlobalLog[0].eventID == R717_e_4_ID and trueGlobalLog[1].eventID == R718_e_0_ID and trueGlobalLog[2].eventID == R716_e_3_ID and trueGlobalLog[3].eventID == R717_e_5_ID and trueGlobalLog[4].eventID == R717_e_2_ID and trueGlobalLog[5].eventID == R717_e_4_ID and trueGlobalLog[5].orderCount != 0,C:\Users\thore\OneDrive\Skrivebord\MasterThesis\SwarmProtocolVerification\src\example_protocols\5_roles_10_commands\46_max_5_roles_max_10_commands\46_max_5_roles_max_10_commands.json
4,2,1.1697313785552979,True,0.11234664916992188,False,0.11683297157287598,E<> trueGlobalLog[0].eventID == R732_e_1_ID and trueGlobalLog[1].eventID == R733_e_0_ID and trueGlobalLog[1].orderCount != 0,E<> trueGlobalLog[0].eventID == R732_e_1_ID and trueGlobalLog[1].eventID == R732_e_0_ID and trueGlobalLog[1].orderCount != 0,C:\Users\thore\OneDrive\Skrivebord\MasterThesis\SwarmProtocolVerification\src\example_protocols\5_roles_10_commands\47_max_5_roles_max_10_commands\47_max_5_roles_max_10_commands.json
10,2,1.3240556716918945,True,0.11695551872253418,False,0.10443115234375,E<> trueGlobalLog[0].eventID == R739_e_3_ID and trueGlobalLog[1].eventID == R738_e_3_ID and trueGlobalLog[2].eventID == R738_e_0_ID and trueGlobalLog[3].eventID == R739_e_2_ID and trueGlobalLog[4].eventID == R738_e_4_ID and trueGlobalLog[4].orderCount != 0,E<> trueGlobalLog[0].eventID == R739_e_3_ID and trueGlobalLog[1].eventID == R738_e_3_ID and trueGlobalLog[2].eventID == R738_e_0_ID and trueGlobalLog[3].eventID == R739_e_2_ID and trueGlobalLog[4].eventID == R738_e_0_ID and trueGlobalLog[4].orderCount != 0,C:\Users\thore\OneDrive\Skrivebord\MasterThesis\SwarmProtocolVerification\src\example_protocols\5_roles_10_commands\48_max_5_roles_max_10_commands\48_max_5_roles_max_10_commands.json
22,4,2.4663245677948,True,0.21382713317871094,False,16.742295742034912,E<> trueGlobalLog[0].eventID == R750_e_0_ID and trueGlobalLog[1].eventID == R750_e_3_ID and trueGlobalLog[2].eventID == R752_e_1_ID and trueGlobalLog[3].eventID == R750_e_2_ID and trueGlobalLog[4].eventID == R752_e_2_ID and trueGlobalLog[5].eventID == R753_e_1_ID and trueGlobalLog[5].orderCount != 0,E<> trueGlobalLog[0].eventID == R750_e_0_ID and trueGlobalLog[1].eventID == R750_e_3_ID and trueGlobalLog[2].eventID == R752_e_1_ID and trueGlobalLog[3].eventID == R750_e_2_ID and trueGlobalLog[4].eventID == R752_e_2_ID and trueGlobalLog[5].eventID == R750_e_0_ID and trueGlobalLog[5].orderCount != 0,C:\Users\thore\OneDrive\Skrivebord\MasterThesis\SwarmProtocolVerification\src\example_protocols\5_roles_10_commands\49_max_5_roles_max_10_commands\49_max_5_roles_max_10_commands.json
18,3,1.8939204216003418,True,0.16377949714660645,False,0.09105420112609863,E<> trueGlobalLog[0].eventID == R62_e_1_ID and trueGlobalLog[1].eventID == R62_e_2_ID and trueGlobalLog[2].eventID == R61_e_7_ID and trueGlobalLog[3].eventID == R62_e_7_ID and trueGlobalLog[4].eventID == R60_e_0_ID and trueGlobalLog[5].eventID == R62_e_3_ID and trueGlobalLog[5].orderCount != 0,E<> trueGlobalLog[0].eventID == R62_e_1_ID and trueGlobalLog[1].eventID == R62_e_2_ID and trueGlobalLog[2].eventID == R61_e_7_ID and trueGlobalLog[3].eventID == R62_e_7_ID and trueGlobalLog[4].eventID == R60_e_0_ID and trueGlobalLog[5].eventID == R60_e_0_ID and trueGlobalLog[5].orderCount != 0,C:\Users\thore\OneDrive\Skrivebord\MasterThesis\SwarmProtocolVerification\src\example_protocols\5_roles_10_commands\4_max_5_roles_max_10_commands\4_max_5_roles_max_10_commands.json
8,2,1.1709003448486328,True,0.1312549114227295,False,0.11026835441589355,E<> trueGlobalLog[0].eventID == R774_e_1_ID and trueGlobalLog[1].eventID == R775_e_0_ID and trueGlobalLog[2].eventID == R774_e_0_ID and trueGlobalLog[3].eventID == R775_e_5_ID and trueGlobalLog[4].eventID == R775_e_2_ID and trueGlobalLog[5].eventID == R775_e_4_ID and trueGlobalLog[5].orderCount != 0,E<> trueGlobalLog[0].eventID == R774_e_1_ID and trueGlobalLog[1].eventID == R775_e_0_ID and trueGlobalLog[2].eventID == R774_e_0_ID and trueGlobalLog[3].eventID == R775_e_5_ID and trueGlobalLog[4].eventID == R775_e_2_ID and trueGlobalLog[5].eventID == R775_e_2_ID and trueGlobalLog[5].orderCount != 0,C:\Users\thore\OneDrive\Skrivebord\MasterThesis\SwarmProtocolVerification\src\example_protocols\5_roles_10_commands\50_max_5_roles_max_10_commands\50_max_5_roles_max_10_commands.json
8,1,0.5755653381347656,True,0.09752726554870605,False,0.07858681678771973,E<> trueGlobalLog[0].eventID == R784_e_6_ID and trueGlobalLog[1].eventID == R784_e_1_ID and trueGlobalLog[2].eventID == R784_e_3_ID and trueGlobalLog[3].eventID == R784_e_2_ID and trueGlobalLog[3].orderCount != 0,E<> trueGlobalLog[0].eventID == R784_e_6_ID and trueGlobalLog[1].eventID == R784_e_1_ID and trueGlobalLog[2].eventID == R784_e_3_ID and trueGlobalLog[3].eventID == R784_e_6_ID and trueGlobalLog[3].orderCount != 0,C:\Users\thore\OneDrive\Skrivebord\MasterThesis\SwarmProtocolVerification\src\example_protocols\5_roles_10_commands\51_max_5_roles_max_10_commands\51_max_5_roles_max_10_commands.json
25,4,2.542351484298706,True,0.2098236083984375,False,1.723073959350586,E<> trueGlobalLog[0].eventID == R796_e_3_ID and trueGlobalLog[1].eventID == R796_e_2_ID and trueGlobalLog[2].eventID == R794_e_3_ID and trueGlobalLog[3].eventID == R794_e_5_ID and trueGlobalLog[4].eventID == R795_e_5_ID and trueGlobalLog[5].eventID == R795_e_0_ID and trueGlobalLog[5].orderCount != 0,E<> trueGlobalLog[0].eventID == R796_e_3_ID and trueGlobalLog[1].eventID == R796_e_2_ID and trueGlobalLog[2].eventID == R794_e_3_ID and trueGlobalLog[3].eventID == R794_e_5_ID and trueGlobalLog[4].eventID == R795_e_5_ID and trueGlobalLog[5].eventID == R794_e_0_ID and trueGlobalLog[5].orderCount != 0,C:\Users\thore\OneDrive\Skrivebord\MasterThesis\SwarmProtocolVerification\src\example_protocols\5_roles_10_commands\52_max_5_roles_max_10_commands\52_max_5_roles_max_10_commands.json
4,1,0.57900071144104,True,0.09148812294006348,False,0.07856345176696777,E<> trueGlobalLog[0].eventID == R821_e_3_ID and trueGlobalLog[1].eventID == R821_e_2_ID and trueGlobalLog[2].eventID == R821_e_0_ID and trueGlobalLog[3].eventID == R821_e_1_ID and trueGlobalLog[3].orderCount != 0,E<> trueGlobalLog[0].eventID == R821_e_3_ID and trueGlobalLog[1].eventID == R821_e_2_ID and trueGlobalLog[2].eventID == R821_e_0_ID and trueGlobalLog[3].eventID == R821_e_3_ID and trueGlobalLog[3].orderCount != 0,C:\Users\thore\OneDrive\Skrivebord\MasterThesis\SwarmProtocolVerification\src\example_protocols\5_roles_10_commands\53_max_5_roles_max_10_commands\53_max_5_roles_max_10_commands.json
16,3,1.8263065814971924,True,0.1941211223602295,False,0.2244882583618164,E<> trueGlobalLog[0].eventID == R827_e_6_ID and trueGlobalLog[1].eventID == R827_e_2_ID and trueGlobalLog[2].eventID == R827_e_3_ID and trueGlobalLog[3].eventID == R827_e_5_ID and trueGlobalLog[4].eventID == R826_e_0_ID and trueGlobalLog[5].eventID == R826_e_1_ID and trueGlobalLog[5].orderCount != 0,E<> trueGlobalLog[0].eventID == R827_e_6_ID and trueGlobalLog[1].eventID == R827_e_2_ID and trueGlobalLog[2].eventID == R827_e_3_ID and trueGlobalLog[3].eventID == R827_e_5_ID and trueGlobalLog[4].eventID == R826_e_0_ID and trueGlobalLog[5].eventID == R826_e_0_ID and trueGlobalLog[5].orderCount != 0,C:\Users\thore\OneDrive\Skrivebord\MasterThesis\SwarmProtocolVerification\src\example_protocols\5_roles_10_commands\54_max_5_roles_max_10_commands\54_max_5_roles_max_10_commands.json
13,2,1.2323358058929443,True,0.11585617065429688,False,0.17810392379760742,E<> trueGlobalLog[0].eventID == R846_e_4_ID and trueGlobalLog[1].eventID == R846_e_5_ID and trueGlobalLog[2].eventID == R845_e_3_ID and trueGlobalLog[3].eventID == R846_e_2_ID and trueGlobalLog[4].eventID == R846_e_0_ID and trueGlobalLog[5].eventID == R846_e_6_ID and trueGlobalLog[5].orderCount != 0,E<> trueGlobalLog[0].eventID == R846_e_4_ID and trueGlobalLog[1].eventID == R846_e_5_ID and trueGlobalLog[2].eventID == R845_e_3_ID and trueGlobalLog[3].eventID == R846_e_2_ID and trueGlobalLog[4].eventID == R846_e_0_ID and trueGlobalLog[5].eventID == R846_e_0_ID and trueGlobalLog[5].orderCount != 0,C:\Users\thore\OneDrive\Skrivebord\MasterThesis\SwarmProtocolVerification\src\example_protocols\5_roles_10_commands\55_max_5_roles_max_10_commands\55_max_5_roles_max_10_commands.json
19,4,2.402851104736328,True,0.18230342864990234,False,0.22274136543273926,E<> trueGlobalLog[0].eventID == R862_e_2_ID and trueGlobalLog[1].eventID == R862_e_1_ID and trueGlobalLog[2].eventID == R860_e_0_ID and trueGlobalLog[3].eventID == R862_e_0_ID and trueGlobalLog[4].eventID == R860_e_3_ID and trueGlobalLog[5].eventID == R861_e_2_ID and trueGlobalLog[5].orderCount != 0,E<> trueGlobalLog[0].eventID == R862_e_2_ID and trueGlobalLog[1].eventID == R862_e_1_ID and trueGlobalLog[2].eventID == R860_e_0_ID and trueGlobalLog[3].eventID == R862_e_0_ID and trueGlobalLog[4].eventID == R860_e_3_ID and trueGlobalLog[5].eventID == R860_e_5_ID and trueGlobalLog[5].orderCount != 0,C:\Users\thore\OneDrive\Skrivebord\MasterThesis\SwarmProtocolVerification\src\example_protocols\5_roles_10_commands\56_max_5_roles_max_10_commands\56_max_5_roles_max_10_commands.json
15,3,1.9403514862060547,True,0.14863348007202148,False,0.1058051586151123,E<> trueGlobalLog[0].eventID == R885_e_3_ID and trueGlobalLog[1].eventID == R883_e_1_ID and trueGlobalLog[2].eventID == R885_e_4_ID and trueGlobalLog[3].eventID == R883_e_5_ID and trueGlobalLog[4].eventID == R885_e_1_ID and trueGlobalLog[5].eventID == R884_e_0_ID and trueGlobalLog[5].orderCount != 0,E<> trueGlobalLog[0].eventID == R885_e_3_ID and trueGlobalLog[1].eventID == R883_e_1_ID and trueGlobalLog[2].eventID == R885_e_4_ID and trueGlobalLog[3].eventID == R883_e_5_ID and trueGlobalLog[4].eventID == R885_e_1_ID and trueGlobalLog[5].eventID == R883_e_2_ID and trueGlobalLog[5].orderCount != 0,C:\Users\thore\OneDrive\Skrivebord\MasterThesis\SwarmProtocolVerification\src\example_protocols\5_roles_10_commands\57_max_5_roles_max_10_commands\57_max_5_roles_max_10_commands.json
7,2,1.1701791286468506,True,0.1362590789794922,False,0.14107108116149902,E<> trueGlobalLog[0].eventID == R903_e_4_ID and trueGlobalLog[1].eventID == R902_e_0_ID and trueGlobalLog[2].eventID == R903_e_2_ID and trueGlobalLog[3].eventID == R903_e_5_ID and trueGlobalLog[3].orderCount != 0,E<> trueGlobalLog[0].eventID == R903_e_4_ID and trueGlobalLog[1].eventID == R902_e_0_ID and trueGlobalLog[2].eventID == R903_e_2_ID and trueGlobalLog[3].eventID == R903_e_3_ID and trueGlobalLog[3].orderCount != 0,C:\Users\thore\OneDrive\Skrivebord\MasterThesis\SwarmProtocolVerification\src\example_protocols\5_roles_10_commands\58_max_5_roles_max_10_commands\58_max_5_roles_max_10_commands.json
6,1,0.58437180519104,True,0.09664654731750488,False,0.11705398559570312,E<> trueGlobalLog[0].eventID == R911_e_5_ID and trueGlobalLog[1].eventID == R911_e_3_ID and trueGlobalLog[2].eventID == R911_e_4_ID and trueGlobalLog[3].eventID == R911_e_0_ID and trueGlobalLog[4].eventID == R911_e_2_ID and trueGlobalLog[4].orderCount != 0,E<> trueGlobalLog[0].eventID == R911_e_5_ID and trueGlobalLog[1].eventID == R911_e_3_ID and trueGlobalLog[2].eventID == R911_e_4_ID and trueGlobalLog[3].eventID == R911_e_0_ID and trueGlobalLog[4].eventID == R911_e_1_ID and trueGlobalLog[4].orderCount != 0,C:\Users\thore\OneDrive\Skrivebord\MasterThesis\SwarmProtocolVerification\src\example_protocols\5_roles_10_commands\59_max_5_roles_max_10_commands\59_max_5_roles_max_10_commands.json
6,2,1.1890864372253418,True,0.15256094932556152,False,0.10510635375976562,E<> trueGlobalLog[0].eventID == R82_e_2_ID and trueGlobalLog[1].eventID == R82_e_0_ID and trueGlobalLog[2].eventID == R82_e_1_ID and trueGlobalLog[3].eventID == R82_e_4_ID and trueGlobalLog[4].eventID == R83_e_0_ID and trueGlobalLog[5].eventID == R82_e_3_ID and trueGlobalLog[5].orderCount != 0,E<> trueGlobalLog[0].eventID == R82_e_2_ID and trueGlobalLog[1].eventID == R82_e_0_ID and trueGlobalLog[2].eventID == R82_e_1_ID and trueGlobalLog[3].eventID == R82_e_4_ID and trueGlobalLog[4].eventID == R83_e_0_ID and trueGlobalLog[5].eventID == R82_e_0_ID and trueGlobalLog[5].orderCount != 0,C:\Users\thore\OneDrive\Skrivebord\MasterThesis\SwarmProtocolVerification\src\example_protocols\5_roles_10_commands\5_max_5_roles_max_10_commands\5_max_5_roles_max_10_commands.json
